GAME_DATE_EST,GAME_ID,GAME_STATUS_TEXT,HOME_TEAM_ID,VISITOR_TEAM_ID,SEASON,TEAM_ID_home,PTS_home,HOME_TEAM_WINS
2020-03-01,21900895,Final,1610612766,1610612749,2019,1610612766,85,0
2020-03-01,21900896,Final,1610612750,1610612742,2019,1610612750,91,0
2020-03-01,21900897,Final,1610612746,1610612755,2019,1610612746,136,1
2020-03-01,21900898,Final,1610612743,1610612761,2019,1610612743,133,1
2020-03-01,21900899,Final,1610612758,1610612765,2019,1610612758,106,1
2020-03-01,21900900,Final,1610612740,1610612747,2019,1610612740,114,0
2020-03-01,21900901,Final,1610612744,1610612764,2019,1610612744,110,0
2020-02-29,21900887,Final,1610612752,1610612741,2019,1610612752,125,1
2020-02-29,21900888,Final,1610612737,1610612757,2019,1610612737,129,1
2020-02-29,21900889,Final,1610612748,1610612751,2019,1610612748,116,1
2020-02-29,21900890,Final,1610612739,1610612754,2019,1610612739,104,0
2020-02-29,21900891,Final,1610612763,1610612747,2019,1610612763,105,1
2020-02-29,21900892,Final,1610612738,1610612745,2019,1610612738,110,0
2020-02-29,21900893,Final,1610612759,1610612753,2019,1610612759,114,1
2020-02-29,21900894,Final,1610612756,1610612744,2019,1610612756,99,0
2020-02-28,21900877,Final,1610612753,1610612750,2019,1610612753,136,1
2020-02-28,21900878,Final,1610612737,1610612751,2019,1610612737,141,1
2020-02-28,21900879,Final,1610612761,1610612766,2019,1610612761,96,0
2020-02-28,21900880,Final,1610612748,1610612742,2019,1610612748,126,1
2020-02-28,21900881,Final,1610612763,1610612758,2019,1610612763,101,0
2020-02-28,21900882,Final,1610612749,1610612760,2019,1610612749,133,1
2020-02-28,21900883,Final,1610612740,1610612739,2019,1610612740,116,1
2020-02-28,21900884,Final,1610612756,1610612765,2019,1610612756,111,0
2020-02-28,21900885,Final,1610612762,1610612764,2019,1610612762,129,1
2020-02-28,21900886,Final,1610612746,1610612743,2019,1610612746,132,1
2020-02-27,21900873,Final,1610612755,1610612752,2019,1610612755,115,1
2020-02-27,21900874,Final,1610612754,1610612757,2019,1610612754,106,1
2020-02-27,21900875,Final,1610612760,1610612758,2019,1610612760,112,1
2020-02-27,21900876,Final,1610612744,1610612747,2019,1610612744,86,0
2020-02-26,21900864,Final,1610612766,1610612752,2019,1610612766,107,1
2020-02-26,21900865,Final,1610612739,1610612755,2019,1610612739,108,1
2020-02-26,21900866,Final,1610612764,1610612751,2019,1610612764,110,1
2020-02-26,21900867,Final,1610612737,1610612753,2019,1610612737,120,0
2020-02-26,21900868,Final,1610612748,1610612750,2019,1610612748,126,0
2020-02-26,21900870,Final,1610612745,1610612763,2019,1610612745,140,1
2020-02-26,21900869,Final,1610612759,1610612742,2019,1610612759,103,0
2020-02-26,21900871,Final,1610612756,1610612746,2019,1610612756,92,0
2020-02-26,21900872,Final,1610612762,1610612738,2019,1610612762,103,0
2020-02-25,21900857,Final,1610612754,1610612766,2019,1610612754,119,1
2020-02-25,21900858,Final,1610612761,1610612749,2019,1610612761,97,0
2020-02-25,21900859,Final,1610612741,1610612760,2019,1610612741,122,0
2020-02-25,21900860,Final,1610612743,1610612765,2019,1610612743,115,1
2020-02-25,21900861,Final,1610612747,1610612740,2019,1610612747,118,1
2020-02-25,21900862,Final,1610612757,1610612738,2019,1610612757,106,0
2020-02-25,21900863,Final,1610612744,1610612758,2019,1610612744,94,0
2020-02-24,21900849,Final,1610612739,1610612748,2019,1610612739,125,1
2020-02-24,21900850,Final,1610612755,1610612737,2019,1610612755,129,1
2020-02-24,21900851,Final,1610612764,1610612749,2019,1610612764,134,0
2020-02-24,21900852,Final,1610612751,1610612753,2019,1610612751,113,0
2020-02-24,21900853,Final,1610612745,1610612752,2019,1610612745,123,1
2020-02-24,21900854,Final,1610612742,1610612750,2019,1610612742,139,1
2020-02-24,21900855,Final,1610612762,1610612756,2019,1610612762,111,0
2020-02-24,21900856,Final,1610612746,1610612763,2019,1610612746,124,1
2020-02-23,21900842,Final,1610612747,1610612738,2019,1610612747,114,1
2020-02-23,21900843,Final,1610612761,1610612754,2019,1610612761,127,1
2020-02-23,21900844,Final,1610612743,1610612750,2019,1610612743,128,1
2020-02-23,21900845,Final,1610612741,1610612764,2019,1610612741,126,1
2020-02-23,21900846,Final,1610612760,1610612759,2019,1610612760,131,1
2020-02-23,21900847,Final,1610612744,1610612740,2019,1610612744,101,0
2020-02-23,21900848,Final,1610612757,1610612765,2019,1610612757,107,1
2020-02-22,21900835,Final,1610612746,1610612758,2019,1610612746,103,0
2020-02-22,21900836,Final,1610612766,1610612751,2019,1610612766,86,0
2020-02-22,21900837,Final,1610612737,1610612742,2019,1610612737,111,1
2020-02-22,21900838,Final,1610612748,1610612739,2019,1610612748,124,1
2020-02-22,21900839,Final,1610612741,1610612756,2019,1610612741,104,0
2020-02-22,21900840,Final,1610612749,1610612755,2019,1610612749,119,1
2020-02-22,21900841,Final,1610612762,1610612745,2019,1610612762,110,0
2020-02-21,21900826,Final,1610612753,1610612742,2019,1610612753,106,0
2020-02-21,21900827,Final,1610612764,1610612739,2019,1610612764,108,0
2020-02-21,21900828,Final,1610612752,1610612754,2019,1610612752,98,0
2020-02-21,21900829,Final,1610612761,1610612756,2019,1610612761,118,1
2020-02-21,21900830,Final,1610612750,1610612738,2019,1610612750,117,0
2020-02-21,21900831,Final,1610612760,1610612743,2019,1610612760,113,1
2020-02-21,21900832,Final,1610612762,1610612759,2019,1610612762,104,0
2020-02-21,21900833,Final,1610612747,1610612763,2019,1610612747,117,1
2020-02-21,21900834,Final,1610612757,1610612740,2019,1610612757,115,0
2020-02-20,21900820,Final,1610612765,1610612749,2019,1610612765,106,0
2020-02-20,21900821,Final,1610612737,1610612748,2019,1610612737,129,1
2020-02-20,21900822,Final,1610612755,1610612751,2019,1610612755,112,1
2020-02-20,21900823,Final,1610612741,1610612766,2019,1610612741,93,0
2020-02-20,21900824,Final,1610612758,1610612763,2019,1610612758,129,1
2020-02-20,21900825,Final,1610612744,1610612745,2019,1610612744,105,0
2020-02-13,21900818,Final,1610612738,1610612746,2019,1610612738,141,1
2020-02-13,21900819,Final,1610612740,1610612760,2019,1610612740,118,0
2020-02-12,21900807,Final,1610612739,1610612737,2019,1610612739,127,1
2020-02-12,21900808,Final,1610612753,1610612765,2019,1610612753,116,1
2020-02-12,21900809,Final,1610612751,1610612761,2019,1610612751,101,1
2020-02-12,21900810,Final,1610612754,1610612749,2019,1610612754,118,1
2020-02-12,21900811,Final,1610612752,1610612764,2019,1610612752,96,0
2020-02-12,21900812,Final,1610612763,1610612757,2019,1610612763,111,1
2020-02-12,21900813,Final,1610612750,1610612766,2019,1610612750,108,0
2020-02-12,21900814,Final,1610612742,1610612758,2019,1610612742,130,1
2020-02-12,21900815,Final,1610612756,1610612744,2019,1610612756,112,1
2020-02-12,21900816,Final,1610612762,1610612748,2019,1610612762,116,1
2020-02-12,21900817,Final,1610612743,1610612747,2019,1610612743,116,0
2020-02-11,21900802,Final,1610612755,1610612746,2019,1610612755,110,1
2020-02-11,21900803,Final,1610612764,1610612741,2019,1610612764,126,1
2020-02-11,21900804,Final,1610612740,1610612757,2019,1610612740,138,1
2020-02-11,21900805,Final,1610612760,1610612759,2019,1610612760,106,0
2020-02-11,21900806,Final,1610612745,1610612738,2019,1610612745,116,1
2020-02-10,21900793,Final,1610612765,1610612766,2019,1610612765,76,0
2020-02-10,21900794,Final,1610612754,1610612751,2019,1610612754,105,0
2020-02-10,21900795,Final,1610612753,1610612737,2019,1610612753,135,1
2020-02-10,21900796,Final,1610612761,1610612750,2019,1610612761,137,1
2020-02-10,21900797,Final,1610612749,1610612758,2019,1610612749,123,1
2020-02-10,21900798,Final,1610612742,1610612762,2019,1610612742,119,0
2020-02-10,21900799,Final,1610612743,1610612759,2019,1610612743,127,1
2020-02-10,21900800,Final,1610612744,1610612748,2019,1610612744,101,0
2020-02-10,21900801,Final,1610612747,1610612756,2019,1610612747,125,1
2020-02-09,21900786,Final,1610612760,1610612738,2019,1610612760,111,0
2020-02-09,21900787,Final,1610612737,1610612752,2019,1610612737,140,1
2020-02-09,21900788,Final,1610612755,1610612741,2019,1610612755,118,1
2020-02-09,21900789,Final,1610612764,1610612763,2019,1610612764,99,0
2020-02-09,21900790,Final,1610612745,1610612762,2019,1610612745,113,0
2020-02-09,21900791,Final,1610612739,1610612746,2019,1610612739,92,0
2020-02-09,21900792,Final,1610612757,1610612748,2019,1610612757,115,1
2020-02-08,21900777,Final,1610612753,1610612749,2019,1610612753,95,0
2020-02-08,21900778,Final,1610612766,1610612742,2019,1610612766,100,0
2020-02-08,21900779,Final,1610612765,1610612752,2019,1610612765,92,0
2020-02-08,21900780,Final,1610612754,1610612740,2019,1610612754,117,0
2020-02-08,21900781,Final,1610612761,1610612751,2019,1610612761,119,1
2020-02-08,21900782,Final,1610612750,1610612746,2019,1610612750,142,1
2020-02-08,21900783,Final,1610612744,1610612747,2019,1610612744,120,0
2020-02-08,21900784,Final,1610612756,1610612743,2019,1610612756,108,0
2020-02-08,21900785,Final,1610612758,1610612759,2019,1610612758,122,1
2020-02-07,21900769,Final,1610612755,1610612763,2019,1610612755,119,1
2020-02-07,21900770,Final,1610612764,1610612742,2019,1610612764,119,1
2020-02-07,21900771,Final,1610612738,1610612737,2019,1610612738,112,1
2020-02-07,21900772,Final,1610612754,1610612761,2019,1610612754,106,0
2020-02-07,21900773,Final,1610612760,1610612765,2019,1610612760,108,1
2020-02-07,21900774,Final,1610612756,1610612745,2019,1610612756,127,1
2020-02-07,21900775,Final,1610612758,1610612748,2019,1610612758,105,1
2020-02-07,21900776,Final,1610612762,1610612757,2019,1610612762,117,1
2020-02-06,21900764,Final,1610612752,1610612753,2019,1610612752,105,1
2020-02-06,21900765,Final,1610612741,1610612740,2019,1610612741,119,0
2020-02-06,21900766,Final,1610612749,1610612755,2019,1610612749,112,1
2020-02-06,21900767,Final,1610612757,1610612759,2019,1610612757,125,1
2020-02-06,21900768,Final,1610612747,1610612745,2019,1610612747,111,0
2020-02-05,21900755,Final,1610612765,1610612756,2019,1610612765,116,1
2020-02-05,21900756,Final,1610612738,1610612753,2019,1610612738,116,1
2020-02-05,21900757,Final,1610612751,1610612744,2019,1610612751,129,1
2020-02-05,21900758,Final,1610612761,1610612754,2019,1610612761,119,1
2020-02-05,21900759,Final,1610612750,1610612737,2019,1610612750,120,0
2020-02-05,21900760,Final,1610612760,1610612739,2019,1610612760,109,1
2020-02-05,21900761,Final,1610612742,1610612763,2019,1610612742,107,0
2020-02-05,21900762,Final,1610612762,1610612743,2019,1610612762,95,0
2020-02-05,21900763,Final,1610612746,1610612748,2019,1610612746,128,1
2020-02-04,21900751,Final,1610612740,1610612749,2019,1610612740,108,0
2020-02-04,21900752,Final,1610612745,1610612766,2019,1610612745,125,1
2020-02-04,21900753,Final,1610612743,1610612757,2019,1610612743,127,1
2020-02-04,21900754,Final,1610612747,1610612759,2019,1610612747,129,1
2020-02-03,21900741,Final,1610612766,1610612753,2019,1610612766,100.0,0
2020-02-03,21900742,Final,1610612739,1610612752,2019,1610612739,134.0,0
2020-02-03,21900743,Final,1610612754,1610612742,2019,1610612754,103.0,0
2020-02-03,21900744,Final,1610612764,1610612744,2019,1610612764,117.0,0
2020-02-03,21900745,Final,1610612737,1610612738,2019,1610612737,115.0,0
2020-02-03,21900746,Final,1610612751,1610612756,2019,1610612751,119.0,1
2020-02-03,21900747,Final,1610612748,1610612755,2019,1610612748,137.0,1
2020-02-03,21900748,Final,1610612763,1610612765,2019,1610612763,96.0,1
2020-02-03,21900749,Final,1610612758,1610612750,2019,1610612758,113.0,1
2020-02-03,21900750,Final,1610612746,1610612759,2019,1610612746,108.0,1
2020-02-02,21900737,Final,1610612765,1610612743,2019,1610612765,128.0,1
2020-02-02,21900738,Final,1610612745,1610612740,2019,1610612745,117.0,1
2020-02-02,21900739,Final,1610612749,1610612756,2019,1610612749,129.0,1
2020-02-02,21900740,Final,1610612761,1610612741,2019,1610612761,129.0,1
2020-02-01,21900727,Final,1610612746,1610612750,2019,1610612746,118.0,1
2020-02-01,21900728,Final,1610612754,1610612752,2019,1610612754,85.0,0
2020-02-01,21900729,Final,1610612753,1610612748,2019,1610612753,89.0,0
2020-02-01,21900730,Final,1610612739,1610612744,2019,1610612739,112.0,0
2020-02-01,21900731,Final,1610612764,1610612751,2019,1610612764,113.0,1
2020-02-01,21900732,Final,1610612738,1610612755,2019,1610612738,116.0,1
2020-02-01,21900733,Final,1610612742,1610612737,2019,1610612742,123.0,1
2020-02-01,21900734,Final,1610612759,1610612766,2019,1610612759,114.0,1
2020-02-01,21900736,Final,1610612758,1610612747,2019,1610612758,113.0,0
2020-02-01,21900735,Final,1610612757,1610612762,2019,1610612757,124.0,1
2020-01-31,21900720,Final,1610612765,1610612761,2019,1610612765,92.0,0
2020-01-31,21900721,Final,1610612751,1610612741,2019,1610612751,133.0,1
2020-01-31,21900722,Final,1610612745,1610612742,2019,1610612745,128.0,1
2020-01-31,21900723,Final,1610612740,1610612763,2019,1610612740,139.0,1
2020-01-31,21900724,Final,1610612749,1610612743,2019,1610612749,115.0,0
2020-01-31,21900725,Final,1610612756,1610612760,2019,1610612756,107.0,0
2020-01-31,21900726,Final,1610612747,1610612757,2019,1610612747,119.0,0
2020-01-30,21900714,Final,1610612739,1610612761,2019,1610612739,109.0,0
2020-01-30,21900715,Final,1610612764,1610612766,2019,1610612764,121.0,1
2020-01-30,21900716,Final,1610612737,1610612755,2019,1610612737,127.0,1
2020-01-30,21900717,Final,1610612738,1610612744,2019,1610612738,119.0,1
2020-01-30,21900718,Final,1610612743,1610612762,2019,1610612743,106.0,1
2020-01-30,21900719,Final,1610612746,1610612758,2019,1610612746,103.0,0
2020-01-29,21900708,Final,1610612754,1610612741,2019,1610612754,115.0,1
2020-01-29,21900709,Final,1610612751,1610612765,2019,1610612751,125.0,1
2020-01-29,21900710,Final,1610612752,1610612763,2019,1610612752,106.0,0
2020-01-29,21900711,Final,1610612759,1610612762,2019,1610612759,127.0,1
2020-01-29,21900712,Final,1610612757,1610612745,2019,1610612757,125.0,1
2020-01-29,21900713,Final,1610612758,1610612760,2019,1610612758,100.0,0
2020-01-28,21900699,Final,1610612766,1610612752,2019,1610612766,97.0,1
2020-01-28,21900702,Final,1610612755,1610612744,2019,1610612755,115.0,1
2020-01-28,21900700,Final,1610612739,1610612740,2019,1610612739,111.0,0
2020-01-28,21900703,Final,1610612761,1610612737,2019,1610612761,130.0,1
2020-01-28,21900701,Final,1610612748,1610612738,2019,1610612748,101.0,0
2020-01-28,21900704,Final,1610612763,1610612743,2019,1610612763,104.0,1
2020-01-28,21900705,Final,1610612749,1610612764,2019,1610612749,151.0,1
2020-01-28,21900706,Final,1610612742,1610612756,2019,1610612742,104.0,0
2020-01-27,21900693,Final,1610612765,1610612739,2019,1610612765,100.0,0
2020-01-27,21900694,Final,1610612748,1610612753,2019,1610612748,113.0,1
2020-01-27,21900695,Final,1610612741,1610612759,2019,1610612741,110.0,1
2020-01-27,21900696,Final,1610612750,1610612758,2019,1610612750,129.0,0
2020-01-27,21900697,Final,1610612760,1610612742,2019,1610612760,97.0,0
2020-01-27,21900698,Final,1610612762,1610612745,2019,1610612762,117.0,0
2020-01-26,21900685,Final,1610612743,1610612745,2019,1610612743,117.0,1
2020-01-26,21900686,Final,1610612759,1610612761,2019,1610612759,106.0,0
2020-01-26,21900687,Final,1610612737,1610612764,2019,1610612737,152.0,1
2020-01-26,21900688,Final,1610612752,1610612751,2019,1610612752,110.0,1
2020-01-26,21900689,Final,1610612753,1610612746,2019,1610612753,97.0,0
2020-01-26,21900690,Final,1610612763,1610612756,2019,1610612763,114.0,1
2020-01-26,21900691,Final,1610612740,1610612738,2019,1610612740,123.0,1
2020-01-26,21900692,Final,1610612757,1610612754,2019,1610612757,139.0,1
2020-01-25,21900680,Final,1610612762,1610612742,2019,1610612762,112.0,1
2020-01-25,21900681,Final,1610612765,1610612751,2019,1610612765,111.0,0
2020-01-25,21900682,Final,1610612739,1610612741,2019,1610612739,106.0,0
2020-01-25,21900683,Final,1610612750,1610612760,2019,1610612750,104.0,0
2020-01-25,21900684,Final,1610612755,1610612747,2019,1610612755,108.0,1
2020-01-24,21900669,Final,1610612766,1610612749,2019,1610612766,103.0,0
2020-01-24,21900670,Final,1610612765,1610612763,2019,1610612765,112.0,0
2020-01-24,21900671,Final,1610612753,1610612738,2019,1610612753,98.0,0
2020-01-24,21900672,Final,1610612752,1610612761,2019,1610612752,112.0,0
2020-01-24,21900673,Final,1610612748,1610612746,2019,1610612748,117.0,0
2020-01-24,21900674,Final,1610612741,1610612758,2019,1610612741,81.0,0
2020-01-24,21900675,Final,1610612750,1610612745,2019,1610612750,124.0,0
2020-01-24,21900676,Final,1610612740,1610612743,2019,1610612740,106.0,0
2020-01-24,21900677,Final,1610612760,1610612737,2019,1610612760,140.0,1
2020-01-24,21900678,Final,1610612759,1610612756,2019,1610612759,99.0,0
2020-01-24,21900679,Final,1610612744,1610612754,2019,1610612744,118.0,0
2020-01-23,21900666,Final,1610612739,1610612764,2019,1610612739,112.0,0
2020-01-23,21900667,Final,1610612751,1610612747,2019,1610612751,113.0,0
2020-01-23,21900668,Final,1610612757,1610612742,2019,1610612757,125.0,0
2020-01-22,21900654,Final,1610612765,1610612758,2019,1610612765,127.0,1
2020-01-22,21900655,Final,1610612753,1610612760,2019,1610612753,114.0,0
2020-01-22,21900660,Final,1610612761,1610612755,2019,1610612761,107.0,1
2020-01-22,21900656,Final,1610612737,1610612746,2019,1610612737,102.0,1
2020-01-22,21900657,Final,1610612738,1610612763,2019,1610612738,119.0,1
2020-01-22,21900658,Final,1610612748,1610612764,2019,1610612748,134.0,1
2020-01-22,21900659,Final,1610612752,1610612747,2019,1610612752,92.0,0
2020-01-22,21900661,Final,1610612741,1610612750,2019,1610612741,117.0,1
2020-01-22,21900662,Final,1610612745,1610612743,2019,1610612745,121.0,1
2020-01-22,21900664,Final,1610612756,1610612754,2019,1610612756,87.0,0
2020-01-22,21900663,Final,1610612740,1610612759,2019,1610612740,117.0,0
2020-01-22,21900665,Final,1610612744,1610612762,2019,1610612744,96.0,0
2020-01-21,21900653,Final,1610612742,1610612746,2019,1610612742,107.0,0
2020-01-20,21900639,Final,1610612764,1610612765,2019,1610612764,106.0,1
2020-01-20,21900640,Final,1610612737,1610612761,2019,1610612737,117.0,0
2020-01-20,21900641,Final,1610612751,1610612755,2019,1610612751,111.0,0
2020-01-20,21900642,Final,1610612766,1610612753,2019,1610612766,83.0,0
2020-01-20,21900643,Final,1610612739,1610612752,2019,1610612739,86.0,0
2020-01-20,21900644,Final,1610612748,1610612758,2019,1610612748,118.0,1
2020-01-20,21900645,Final,1610612745,1610612760,2019,1610612745,107.0,0
2020-01-20,21900646,Final,1610612763,1610612740,2019,1610612763,116.0,0
2020-01-20,21900647,Final,1610612749,1610612741,2019,1610612749,111.0,1
2020-01-20,21900648,Final,1610612738,1610612747,2019,1610612738,139.0,1
2020-01-20,21900649,Final,1610612750,1610612743,2019,1610612750,100.0,0
2020-01-20,21900650,Final,1610612756,1610612759,2019,1610612756,118.0,0
2020-01-20,21900651,Final,1610612762,1610612754,2019,1610612762,118.0,1
2020-01-20,21900652,Final,1610612757,1610612744,2019,1610612757,129.0,1
2020-01-19,21900637,Final,1610612759,1610612748,2019,1610612759,107.0,1
2020-01-19,21900638,Final,1610612743,1610612754,2019,1610612743,107.0,0
2020-01-18,21900626,Final,1610612740,1610612746,2019,1610612740,130.0,0
2020-01-18,21900627,Final,1610612751,1610612749,2019,1610612751,97.0,0
2020-01-18,21900628,Final,1610612738,1610612756,2019,1610612738,119.0,0
2020-01-18,21900629,Final,1610612737,1610612765,2019,1610612737,103.0,0
2020-01-18,21900630,Final,1610612752,1610612755,2019,1610612752,87.0,0
2020-01-18,21900631,Final,1610612741,1610612739,2019,1610612741,118.0,1
2020-01-18,21900632,Final,1610612750,1610612761,2019,1610612750,112.0,0
2020-01-18,21900633,Final,1610612745,1610612747,2019,1610612745,115.0,0
2020-01-18,21900634,Final,1610612744,1610612753,2019,1610612744,109.0,1
2020-01-18,21900635,Final,1610612760,1610612757,2019,1610612760,119.0,1
2020-01-18,21900636,Final,1610612762,1610612758,2019,1610612762,123.0,1
2020-01-17,21900619,Final,1610612754,1610612750,2019,1610612754,116.0,1
2020-01-17,21900620,Final,1610612755,1610612741,2019,1610612755,100.0,1
2020-01-17,21900621,Final,1610612761,1610612764,2019,1610612761,140.0,1
2020-01-17,21900622,Final,1610612763,1610612739,2019,1610612763,113.0,1
2020-01-17,21900623,Final,1610612760,1610612748,2019,1610612760,108.0,0
2020-01-17,21900624,Final,1610612759,1610612737,2019,1610612759,120.0,0
2020-01-17,21900625,Final,1610612742,1610612757,2019,1610612742,120.0,1
2020-01-16,21900614,Final,1610612752,1610612756,2019,1610612752,98.0,0
2020-01-16,21900615,Final,1610612749,1610612738,2019,1610612749,128.0,1
2020-01-16,21900616,Final,1610612740,1610612762,2019,1610612740,138.0,1
2020-01-16,21900617,Final,1610612744,1610612743,2019,1610612744,131.0,0
2020-01-16,21900618,Final,1610612746,1610612753,2019,1610612746,122.0,1
2020-01-15,21900604,Final,1610612738,1610612765,2019,1610612738,103.0,0
2020-01-15,21900605,Final,1610612755,1610612751,2019,1610612755,117.0,1
2020-01-15,21900606,Final,1610612748,1610612759,2019,1610612748,106.0,1
2020-01-15,21900607,Final,1610612741,1610612764,2019,1610612741,115.0,1
2020-01-15,21900608,Final,1610612750,1610612754,2019,1610612750,99.0,0
2020-01-15,21900609,Final,1610612760,1610612761,2019,1610612760,121.0,0
2020-01-15,21900610,Final,1610612743,1610612766,2019,1610612743,100.0,1
2020-01-15,21900611,Final,1610612745,1610612757,2019,1610612745,107.0,0
2020-01-15,21900612,Final,1610612758,1610612742,2019,1610612758,123.0,0
2020-01-15,21900613,Final,1610612747,1610612753,2019,1610612747,118.0,0
2020-01-14,21900598,Final,1610612737,1610612756,2019,1610612737,123.0,1
2020-01-14,21900599,Final,1610612751,1610612762,2019,1610612751,107.0,0
2020-01-14,21900600,Final,1610612763,1610612745,2019,1610612763,121.0,1
2020-01-14,21900601,Final,1610612749,1610612752,2019,1610612749,128.0,1
2020-01-14,21900602,Final,1610612744,1610612742,2019,1610612744,97.0,0
2020-01-14,21900603,Final,1610612746,1610612739,2019,1610612746,128.0,1
2020-01-13,21900591,Final,1610612765,1610612740,2019,1610612765,110.0,0
2020-01-13,21900592,Final,1610612754,1610612755,2019,1610612754,101.0,1
2020-01-13,21900593,Final,1610612738,1610612741,2019,1610612738,113.0,1
2020-01-13,21900594,Final,1610612750,1610612760,2019,1610612750,104.0,0
2020-01-13,21900595,Final,1610612757,1610612766,2019,1610612757,115.0,1
2020-01-13,21900596,Final,1610612758,1610612753,2019,1610612758,112.0,0
2020-01-13,21900597,Final,1610612747,1610612739,2019,1610612747,128.0,1
2020-01-12,21900584,Final,1610612752,1610612748,2019,1610612752,124.0,1
2020-01-12,21900585,Final,1610612764,1610612762,2019,1610612764,116.0,0
2020-01-12,21900586,Final,1610612751,1610612737,2019,1610612751,108.0,1
2020-01-12,21900587,Final,1610612761,1610612759,2019,1610612761,104.0,0
2020-01-12,21900588,Final,1610612763,1610612744,2019,1610612763,122.0,1
2020-01-12,21900589,Final,1610612743,1610612746,2019,1610612743,114.0,1
2020-01-12,21900590,Final,1610612756,1610612766,2019,1610612756,100.0,1
2020-01-11,21900577,Final,1610612745,1610612750,2019,1610612745,139.0,1
2020-01-11,21900578,Final,1610612738,1610612740,2019,1610612738,140.0,1
2020-01-11,21900579,Final,1610612765,1610612741,2019,1610612765,99.0,0
2020-01-11,21900580,Final,1610612760,1610612747,2019,1610612760,110.0,0
2020-01-11,21900581,Final,1610612742,1610612755,2019,1610612742,109.0,1
2020-01-11,21900582,Final,1610612743,1610612739,2019,1610612743,103.0,0
2020-01-11,21900583,Final,1610612757,1610612749,2019,1610612757,101.0,0
2020-01-10,21900567,Final,1610612764,1610612737,2019,1610612764,111.0,1
2020-01-10,21900569,Final,1610612752,1610612740,2019,1610612752,111.0,0
2020-01-10,21900568,Final,1610612751,1610612748,2019,1610612751,117.0,1
2020-01-10,21900570,Final,1610612741,1610612754,2019,1610612741,105.0,0
2020-01-10,21900571,Final,1610612763,1610612759,2019,1610612763,134.0,1
2020-01-10,21900573,Final,1610612756,1610612753,2019,1610612756,98.0,1
2020-01-10,21900574,Final,1610612762,1610612766,2019,1610612762,109.0,1
2020-01-10,21900572,Final,1610612742,1610612747,2019,1610612742,114.0,0
2020-01-10,21900575,Final,1610612758,1610612749,2019,1610612758,106.0,0
2020-01-10,21900576,Final,1610612746,1610612744,2019,1610612746,109.0,1
2020-01-09,21900563,Final,1610612765,1610612739,2019,1610612765,112.0,0
2020-01-09,21900564,Final,1610612755,1610612738,2019,1610612755,109.0,1
2020-01-09,21900565,Final,1610612750,1610612757,2019,1610612750,116.0,1
2020-01-09,21900566,Final,1610612760,1610612745,2019,1610612760,113.0,1
2020-01-08,21900554,Final,1610612738,1610612759,2019,1610612738,114.0,0
2020-01-08,21900555,Final,1610612766,1610612761,2019,1610612766,110.0,0
2020-01-08,21900556,Final,1610612754,1610612748,2019,1610612754,108.0,0
2020-01-08,21900557,Final,1610612753,1610612764,2019,1610612753,123.0,1
2020-01-08,21900558,Final,1610612737,1610612745,2019,1610612737,115.0,0
2020-01-08,21900559,Final,1610612742,1610612743,2019,1610612742,106.0,0
2020-01-08,21900560,Final,1610612740,1610612741,2019,1610612740,123.0,1
2020-01-08,21900561,Final,1610612762,1610612752,2019,1610612762,128.0,1
2020-01-08,21900562,Final,1610612744,1610612749,2019,1610612744,98.0,0
2020-01-07,21900548,Final,1610612739,1610612765,2019,1610612739,113.0,0
2020-01-07,21900549,Final,1610612761,1610612757,2019,1610612761,99.0,0
2020-01-07,21900550,Final,1610612751,1610612760,2019,1610612751,103.0,0
2020-01-07,21900551,Final,1610612763,1610612750,2019,1610612763,119.0,1
2020-01-07,21900552,Final,1610612756,1610612758,2019,1610612756,103.0,0
2020-01-07,21900553,Final,1610612747,1610612752,2019,1610612747,117.0,1
2020-01-06,21900539,Final,1610612766,1610612754,2019,1610612766,104.0,0
2020-01-06,21900540,Final,1610612753,1610612751,2019,1610612753,101.0,1
2020-01-06,21900541,Final,1610612755,1610612760,2019,1610612755,120.0,1
2020-01-06,21900542,Final,1610612764,1610612738,2019,1610612764,99.0,1
2020-01-06,21900543,Final,1610612737,1610612743,2019,1610612737,115.0,0
2020-01-06,21900544,Final,1610612740,1610612762,2019,1610612740,126.0,0
2020-01-06,21900545,Final,1610612742,1610612741,2019,1610612742,118.0,1
2020-01-06,21900546,Final,1610612759,1610612749,2019,1610612759,126.0,1
2020-01-06,21900547,Final,1610612758,1610612744,2019,1610612758,111.0,1
2020-01-05,21900534,Final,1610612746,1610612752,2019,1610612746,135.0,1
2020-01-05,21900535,Final,1610612748,1610612757,2019,1610612748,122.0,1
2020-01-05,21900536,Final,1610612739,1610612750,2019,1610612739,103.0,0
2020-01-05,21900537,Final,1610612756,1610612763,2019,1610612756,114.0,0
2020-01-05,21900538,Final,1610612747,1610612765,2019,1610612747,106.0,1
2020-01-04,21900523,Final,1610612746,1610612763,2019,1610612746,114.0,0
2020-01-04,21900524,Final,1610612751,1610612761,2019,1610612751,102.0,0
2020-01-04,21900525,Final,1610612753,1610612762,2019,1610612753,96.0,0
2020-01-04,21900526,Final,1610612737,1610612754,2019,1610612737,116.0,1
2020-01-04,21900527,Final,1610612739,1610612760,2019,1610612739,106.0,0
2020-01-04,21900528,Final,1610612764,1610612743,2019,1610612764,128.0,1
2020-01-04,21900529,Final,1610612741,1610612738,2019,1610612741,104.0,0
2020-01-04,21900530,Final,1610612742,1610612766,2019,1610612742,120.0,0
2020-01-04,21900531,Final,1610612749,1610612759,2019,1610612749,127.0,1
2020-01-04,21900532,Final,1610612744,1610612765,2019,1610612744,104.0,0
2020-01-04,21900533,Final,1610612758,1610612740,2019,1610612758,115.0,0
2020-01-03,21900517,Final,1610612738,1610612737,2019,1610612738,109.0,1
2020-01-03,21900518,Final,1610612753,1610612748,2019,1610612753,105.0,1
2020-01-03,21900519,Final,1610612764,1610612757,2019,1610612764,103.0,0
2020-01-03,21900520,Final,1610612745,1610612755,2019,1610612745,118.0,1
2020-01-03,21900521,Final,1610612756,1610612752,2019,1610612756,120.0,1
2020-01-03,21900522,Final,1610612747,1610612740,2019,1610612747,123.0,1
2020-01-02,21900508,Final,1610612739,1610612766,2019,1610612739,106.0,0
2020-01-02,21900509,Final,1610612754,1610612743,2019,1610612754,116.0,0
2020-01-02,21900510,Final,1610612748,1610612761,2019,1610612748,84.0,1
2020-01-02,21900511,Final,1610612741,1610612762,2019,1610612741,98.0,0
2020-01-02,21900512,Final,1610612750,1610612744,2019,1610612750,99.0,1
2020-01-02,21900513,Final,1610612742,1610612751,2019,1610612742,123.0,1
2020-01-02,21900514,Final,1610612759,1610612760,2019,1610612759,103.0,0
2020-01-02,21900515,Final,1610612758,1610612763,2019,1610612758,128.0,1
2020-01-02,21900516,Final,1610612746,1610612765,2019,1610612746,126.0,1
2020-01-01,21900504,Final,1610612764,1610612753,2019,1610612764,101.0,0
2020-01-01,21900505,Final,1610612752,1610612757,2019,1610612752,117.0,1
2020-01-01,21900506,Final,1610612749,1610612750,2019,1610612749,106.0,1
2020-01-01,21900507,Final,1610612747,1610612756,2019,1610612747,117.0,1
2019-12-31,21900497,Final,1610612766,1610612738,2019,1610612766,92.0,0
2019-12-31,21900498,Final,1610612754,1610612755,2019,1610612754,115.0,1
2019-12-31,21900499,Final,1610612758,1610612746,2019,1610612758,87.0,0
2019-12-31,21900500,Final,1610612761,1610612739,2019,1610612761,117.0,1
2019-12-31,21900501,Final,1610612745,1610612743,2019,1610612745,130.0,1
2019-12-31,21900502,Final,1610612759,1610612744,2019,1610612759,117.0,1
2019-12-31,21900503,Final,1610612760,1610612742,2019,1610612760,106.0,1
2019-12-30,21900491,Final,1610612753,1610612737,2019,1610612753,93.0,0
2019-12-30,21900492,Final,1610612764,1610612748,2019,1610612764,123.0,1
2019-12-30,21900493,Final,1610612741,1610612749,2019,1610612741,102.0,0
2019-12-30,21900494,Final,1610612750,1610612751,2019,1610612750,122.0,1
2019-12-30,21900495,Final,1610612762,1610612765,2019,1610612762,104.0,1
2019-12-30,21900496,Final,1610612757,1610612756,2019,1610612757,116.0,0
2019-12-29,21900486,Final,1610612761,1610612760,2019,1610612761,97.0,0
2019-12-29,21900487,Final,1610612763,1610612766,2019,1610612763,117.0,1
2019-12-29,21900488,Final,1610612740,1610612745,2019,1610612740,127.0,1
2019-12-29,21900489,Final,1610612743,1610612758,2019,1610612743,120.0,1
2019-12-29,21900490,Final,1610612747,1610612742,2019,1610612747,108.0,1
2019-12-28,21900472,Final,1610612743,1610612763,2019,1610612743,119.0,1
2019-12-28,21900473,Final,1610612738,1610612761,2019,1610612738,97.0,0
2019-12-28,21900474,Final,1610612740,1610612754,2019,1610612740,120.0,1
2019-12-28,21900475,Final,1610612748,1610612755,2019,1610612748,117.0,1
2019-12-28,21900476,Final,1610612764,1610612752,2019,1610612764,100.0,0
2019-12-28,21900477,Final,1610612741,1610612737,2019,1610612741,116.0,1
2019-12-28,21900478,Final,1610612745,1610612751,2019,1610612745,108.0,1
2019-12-28,21900479,Final,1610612750,1610612739,2019,1610612750,88.0,0
2019-12-28,21900480,Final,1610612749,1610612753,2019,1610612749,111.0,1
2019-12-28,21900481,Final,1610612759,1610612765,2019,1610612759,136.0,1
2019-12-28,21900482,Final,1610612744,1610612742,2019,1610612744,121.0,0
2019-12-28,21900483,Final,1610612758,1610612756,2019,1610612758,110.0,0
2019-12-28,21900484,Final,1610612757,1610612747,2019,1610612757,120.0,0
2019-12-28,21900485,Final,1610612746,1610612762,2019,1610612746,107.0,0
2019-12-27,21900466,Final,1610612738,1610612739,2019,1610612738,129.0,1
2019-12-27,21900467,Final,1610612766,1610612760,2019,1610612766,102.0,0
2019-12-27,21900468,Final,1610612753,1610612755,2019,1610612753,98.0,1
2019-12-27,21900469,Final,1610612737,1610612749,2019,1610612737,86.0,0
2019-12-27,21900470,Final,1610612748,1610612754,2019,1610612748,113.0,1
2019-12-27,21900471,Final,1610612744,1610612756,2019,1610612744,105.0,1
2019-12-26,21900460,Final,1610612765,1610612764,2019,1610612765,132.0,1
2019-12-26,21900461,Final,1610612751,1610612752,2019,1610612751,82.0,0
2019-12-26,21900462,Final,1610612760,1610612763,2019,1610612760,97.0,0
2019-12-26,21900463,Final,1610612742,1610612759,2019,1610612742,102.0,1
2019-12-26,21900464,Final,1610612758,1610612750,2019,1610612758,104.0,0
2019-12-26,21900465,Final,1610612762,1610612757,2019,1610612762,121.0,1
2019-12-25,21900455,Final,1610612761,1610612738,2019,1610612761,102.0,0
2019-12-25,21900456,Final,1610612755,1610612749,2019,1610612755,121.0,1
2019-12-25,21900457,Final,1610612744,1610612745,2019,1610612744,116.0,1
2019-12-25,21900458,Final,1610612747,1610612746,2019,1610612747,106.0,0
2019-12-25,21900459,Final,1610612743,1610612740,2019,1610612743,100.0,0
2019-12-23,21900444,Final,1610612739,1610612737,2019,1610612739,121.0,1
2019-12-23,21900445,Final,1610612765,1610612755,2019,1610612765,109.0,0
2019-12-23,21900446,Final,1610612754,1610612761,2019,1610612754,120.0,1
2019-12-23,21900447,Final,1610612752,1610612764,2019,1610612752,115.0,0
2019-12-23,21900448,Final,1610612753,1610612741,2019,1610612753,103.0,1
2019-12-23,21900449,Final,1610612748,1610612762,2019,1610612748,107.0,1
2019-12-23,21900450,Final,1610612763,1610612759,2019,1610612763,115.0,0
2019-12-23,21900451,Final,1610612756,1610612743,2019,1610612756,111.0,0
2019-12-23,21900452,Final,1610612757,1610612740,2019,1610612757,94.0,0
2019-12-23,21900453,Final,1610612758,1610612745,2019,1610612758,104.0,0
2019-12-23,21900454,Final,1610612744,1610612750,2019,1610612744,113.0,1
2019-12-22,21900439,Final,1610612761,1610612742,2019,1610612761,110.0,1
2019-12-22,21900440,Final,1610612738,1610612766,2019,1610612738,119.0,1
2019-12-22,21900441,Final,1610612749,1610612754,2019,1610612749,117.0,1
2019-12-22,21900442,Final,1610612760,1610612746,2019,1610612760,118.0,1
2019-12-22,21900443,Final,1610612747,1610612743,2019,1610612747,104.0,0
2019-12-21,21900430,Final,1610612766,1610612762,2019,1610612766,107.0,0
2019-12-21,21900431,Final,1610612751,1610612737,2019,1610612751,122.0,1
2019-12-21,21900432,Final,1610612765,1610612741,2019,1610612765,107.0,0
2019-12-21,21900433,Final,1610612755,1610612764,2019,1610612755,125.0,1
2019-12-21,21900434,Final,1610612752,1610612749,2019,1610612752,102.0,0
2019-12-21,21900435,Final,1610612763,1610612758,2019,1610612763,119.0,1
2019-12-21,21900436,Final,1610612759,1610612746,2019,1610612759,109.0,0
2019-12-21,21900437,Final,1610612756,1610612745,2019,1610612756,125.0,0
2019-12-21,21900438,Final,1610612757,1610612750,2019,1610612757,113.0,1
2019-12-20,21900420,Final,1610612739,1610612763,2019,1610612739,114.0,1
2019-12-20,21900421,Final,1610612754,1610612758,2019,1610612754,119.0,1
2019-12-20,21900422,Final,1610612738,1610612765,2019,1610612738,114.0,1
2019-12-20,21900423,Final,1610612761,1610612764,2019,1610612761,122.0,1
2019-12-20,21900424,Final,1610612748,1610612752,2019,1610612748,129.0,1
2019-12-20,21900425,Final,1610612755,1610612742,2019,1610612755,98.0,0
2019-12-20,21900426,Final,1610612760,1610612756,2019,1610612760,126.0,1
2019-12-20,21900427,Final,1610612743,1610612750,2019,1610612743,109.0,1
2019-12-20,21900428,Final,1610612757,1610612753,2019,1610612757,118.0,1
2019-12-20,21900429,Final,1610612744,1610612740,2019,1610612744,106.0,1
2019-12-19,21900416,Final,1610612737,1610612762,2019,1610612737,106.0,0
2019-12-19,21900417,Final,1610612749,1610612747,2019,1610612749,111.0,1
2019-12-19,21900418,Final,1610612759,1610612751,2019,1610612759,118.0,1
2019-12-19,21900419,Final,1610612746,1610612745,2019,1610612746,117.0,0
2019-12-18,21900407,Final,1610612739,1610612766,2019,1610612739,100.0,1
2019-12-18,21900408,Final,1610612765,1610612761,2019,1610612765,99.0,0
2019-12-18,21900409,Final,1610612764,1610612741,2019,1610612764,109.0,0
2019-12-18,21900410,Final,1610612755,1610612748,2019,1610612755,104.0,0
2019-12-18,21900411,Final,1610612750,1610612740,2019,1610612750,99.0,0
2019-12-18,21900412,Final,1610612760,1610612763,2019,1610612760,126.0,1
2019-12-18,21900414,Final,1610612743,1610612753,2019,1610612743,113.0,1
2019-12-18,21900413,Final,1610612742,1610612738,2019,1610612742,103.0,0
2019-12-18,21900415,Final,1610612757,1610612744,2019,1610612757,122.0,1
2019-12-17,21900401,Final,1610612766,1610612758,2019,1610612766,110.0,1
2019-12-17,21900402,Final,1610612754,1610612747,2019,1610612754,105.0,1
2019-12-17,21900403,Final,1610612752,1610612737,2019,1610612752,143.0,1
2019-12-17,21900404,Final,1610612740,1610612751,2019,1610612740,101.0,0
2019-12-17,21900405,Final,1610612762,1610612753,2019,1610612762,109.0,1
2019-12-17,21900406,Final,1610612746,1610612756,2019,1610612746,120.0,1
2019-12-16,21900394,Final,1610612765,1610612764,2019,1610612765,119.0,0
2019-12-16,21900395,Final,1610612761,1610612739,2019,1610612761,133.0,1
2019-12-16,21900396,Final,1610612745,1610612759,2019,1610612745,109.0,1
2019-12-16,21900397,Final,1610612763,1610612748,2019,1610612763,118.0,1
2019-12-16,21900398,Final,1610612749,1610612742,2019,1610612749,116.0,0
2019-12-16,21900399,Final,1610612760,1610612741,2019,1610612760,109.0,1
2019-12-16,21900400,Final,1610612756,1610612757,2019,1610612756,110.0,0
2019-12-15,21900388,Final,1610612740,1610612753,2019,1610612740,119.0,0
2019-12-15,21900389,Final,1610612754,1610612766,2019,1610612754,107.0,1
2019-12-15,21900390,Final,1610612737,1610612747,2019,1610612737,96.0,0
2019-12-15,21900391,Final,1610612751,1610612755,2019,1610612751,109.0,1
2019-12-15,21900392,Final,1610612743,1610612752,2019,1610612743,111.0,1
2019-12-15,21900393,Final,1610612744,1610612758,2019,1610612744,79.0,0
2019-12-14,21900380,Final,1610612756,1610612759,2019,1610612756,119.0,0
2019-12-14,21900381,Final,1610612761,1610612751,2019,1610612761,110.0,1
2019-12-14,21900382,Final,1610612741,1610612746,2019,1610612741,109.0,1
2019-12-14,21900383,Final,1610612763,1610612764,2019,1610612763,128.0,1
2019-12-14,21900384,Final,1610612742,1610612748,2019,1610612742,118.0,0
2019-12-14,21900385,Final,1610612749,1610612739,2019,1610612749,125.0,1
2019-12-14,21900386,Final,1610612745,1610612765,2019,1610612745,107.0,0
2019-12-14,21900387,Final,1610612743,1610612760,2019,1610612743,110.0,1
2019-12-13,21900371,Final,1610612753,1610612745,2019,1610612753,107.0,0
2019-12-13,21900372,Final,1610612755,1610612740,2019,1610612755,116.0,1
2019-12-13,21900374,Final,1610612748,1610612747,2019,1610612748,110.0,0
2019-12-13,21900373,Final,1610612737,1610612754,2019,1610612737,100.0,0
2019-12-13,21900375,Final,1610612741,1610612766,2019,1610612741,73.0,0
2019-12-13,21900376,Final,1610612763,1610612749,2019,1610612763,114.0,0
2019-12-13,21900379,Final,1610612762,1610612744,2019,1610612762,114.0,1
2019-12-13,21900377,Final,1610612750,1610612746,2019,1610612750,117.0,0
2019-12-13,21900378,Final,1610612758,1610612752,2019,1610612758,101.0,0
2019-12-12,21900367,Final,1610612738,1610612755,2019,1610612738,109.0,0
2019-12-12,21900368,Final,1610612759,1610612739,2019,1610612759,109.0,0
2019-12-12,21900369,Final,1610612765,1610612742,2019,1610612765,111.0,0
2019-12-12,21900370,Final,1610612743,1610612757,2019,1610612743,114.0,1
2019-12-11,21900356,Final,1610612739,1610612745,2019,1610612739,110.0,0
2019-12-11,21900357,Final,1610612754,1610612738,2019,1610612754,122.0,1
2019-12-11,21900358,Final,1610612753,1610612747,2019,1610612753,87.0,0
2019-12-11,21900359,Final,1610612761,1610612746,2019,1610612761,92.0,0
2019-12-11,21900360,Final,1610612751,1610612766,2019,1610612751,108.0,0
2019-12-11,21900361,Final,1610612741,1610612737,2019,1610612741,136.0,1
2019-12-11,21900362,Final,1610612750,1610612762,2019,1610612750,116.0,0
2019-12-11,21900363,Final,1610612756,1610612763,2019,1610612756,108.0,0
2019-12-11,21900364,Final,1610612749,1610612740,2019,1610612749,127.0,1
2019-12-11,21900365,Final,1610612758,1610612760,2019,1610612758,94.0,1
2019-12-11,21900366,Final,1610612744,1610612752,2019,1610612744,122.0,0
2019-12-10,21900352,Final,1610612766,1610612764,2019,1610612766,114.0,1
2019-12-10,21900353,Final,1610612755,1610612743,2019,1610612755,97.0,1
2019-12-10,21900354,Final,1610612748,1610612737,2019,1610612748,135.0,1
2019-12-10,21900355,Final,1610612757,1610612752,2019,1610612757,115.0,1
2019-12-09,21900343,Final,1610612754,1610612746,2019,1610612754,99.0,0
2019-12-09,21900344,Final,1610612738,1610612739,2019,1610612738,110.0,1
2019-12-09,21900345,Final,1610612741,1610612761,2019,1610612741,92.0,0
2019-12-09,21900346,Final,1610612745,1610612758,2019,1610612745,118.0,0
2019-12-09,21900347,Final,1610612749,1610612753,2019,1610612749,110.0,1
2019-12-09,21900348,Final,1610612740,1610612765,2019,1610612740,103.0,0
2019-12-09,21900349,Final,1610612756,1610612750,2019,1610612756,125.0,1
2019-12-09,21900350,Final,1610612762,1610612760,2019,1610612762,90.0,0
2019-12-09,21900351,Final,1610612744,1610612763,2019,1610612744,102.0,0
2019-12-08,21900335,Final,1610612751,1610612743,2019,1610612751,105.0,1
2019-12-08,21900336,Final,1610612766,1610612737,2019,1610612766,107.0,0
2019-12-08,21900337,Final,1610612748,1610612741,2019,1610612748,110.0,1
2019-12-08,21900338,Final,1610612755,1610612761,2019,1610612755,110.0,1
2019-12-08,21900339,Final,1610612764,1610612746,2019,1610612764,119.0,0
2019-12-08,21900340,Final,1610612742,1610612758,2019,1610612742,106.0,0
2019-12-08,21900341,Final,1610612757,1610612760,2019,1610612757,96.0,0
2019-12-08,21900342,Final,1610612747,1610612750,2019,1610612747,142.0,1
2019-12-07,21900330,Final,1610612742,1610612740,2019,1610612742,130.0,1
2019-12-07,21900331,Final,1610612752,1610612754,2019,1610612752,103.0,0
2019-12-07,21900332,Final,1610612755,1610612739,2019,1610612755,141.0,1
2019-12-07,21900333,Final,1610612745,1610612756,2019,1610612745,115.0,1
2019-12-07,21900334,Final,1610612762,1610612763,2019,1610612762,126.0,1
2019-12-06,21900320,Final,1610612766,1610612751,2019,1610612766,104.0,0
2019-12-06,21900321,Final,1610612739,1610612753,2019,1610612739,87.0,0
2019-12-06,21900322,Final,1610612765,1610612754,2019,1610612765,108.0,1
2019-12-06,21900323,Final,1610612738,1610612743,2019,1610612738,108.0,1
2019-12-06,21900324,Final,1610612748,1610612764,2019,1610612748,112.0,1
2019-12-06,21900325,Final,1610612741,1610612744,2019,1610612741,98.0,0
2019-12-06,21900326,Final,1610612760,1610612750,2019,1610612760,139.0,1
2019-12-06,21900327,Final,1610612749,1610612746,2019,1610612749,119.0,1
2019-12-06,21900328,Final,1610612759,1610612758,2019,1610612759,105.0,1
2019-12-06,21900329,Final,1610612757,1610612747,2019,1610612757,113.0,0
2019-12-05,21900316,Final,1610612764,1610612755,2019,1610612764,119.0,1
2019-12-05,21900317,Final,1610612752,1610612743,2019,1610612752,92.0,0
2019-12-05,21900318,Final,1610612761,1610612745,2019,1610612761,109.0,0
2019-12-05,21900319,Final,1610612740,1610612756,2019,1610612740,132.0,0
2019-12-04,21900306,Final,1610612766,1610612744,2019,1610612766,106.0,1
2019-12-04,21900307,Final,1610612765,1610612749,2019,1610612765,103.0,0
2019-12-04,21900308,Final,1610612753,1610612756,2019,1610612753,128.0,1
2019-12-04,21900309,Final,1610612737,1610612751,2019,1610612737,118.0,0
2019-12-04,21900310,Final,1610612738,1610612748,2019,1610612738,112.0,1
2019-12-04,21900311,Final,1610612741,1610612763,2019,1610612741,106.0,1
2019-12-04,21900312,Final,1610612760,1610612754,2019,1610612760,100.0,0
2019-12-04,21900313,Final,1610612742,1610612750,2019,1610612742,121.0,1
2019-12-04,21900314,Final,1610612762,1610612747,2019,1610612762,96.0,0
2019-12-04,21900315,Final,1610612757,1610612758,2019,1610612757,127.0,1
2019-12-03,21900299,Final,1610612739,1610612765,2019,1610612739,94.0,0
2019-12-03,21900300,Final,1610612764,1610612753,2019,1610612764,120.0,0
2019-12-03,21900301,Final,1610612761,1610612748,2019,1610612761,110.0,0
2019-12-03,21900302,Final,1610612740,1610612742,2019,1610612740,97.0,0
2019-12-03,21900303,Final,1610612759,1610612745,2019,1610612759,135.0,1
2019-12-03,21900304,Final,1610612743,1610612747,2019,1610612743,96.0,0
2019-12-03,21900305,Final,1610612746,1610612757,2019,1610612746,117.0,1
2019-12-02,21900293,Final,1610612766,1610612756,2019,1610612766,104.0,0
2019-12-02,21900294,Final,1610612755,1610612762,2019,1610612755,103.0,1
2019-12-02,21900295,Final,1610612737,1610612744,2019,1610612737,104.0,1
2019-12-02,21900296,Final,1610612763,1610612754,2019,1610612763,104.0,0
2019-12-02,21900297,Final,1610612749,1610612752,2019,1610612749,132.0,1
2019-12-02,21900298,Final,1610612758,1610612741,2019,1610612758,106.0,0
2019-12-01,21900284,Final,1610612751,1610612748,2019,1610612751,106.0,0
2019-12-01,21900285,Final,1610612752,1610612738,2019,1610612752,104.0,0
2019-12-01,21900286,Final,1610612750,1610612763,2019,1610612750,107.0,0
2019-12-01,21900287,Final,1610612747,1610612742,2019,1610612747,100.0,0
2019-12-01,21900288,Final,1610612765,1610612759,2019,1610612765,132.0,1
2019-12-01,21900289,Final,1610612740,1610612760,2019,1610612740,104.0,0
2019-12-01,21900290,Final,1610612753,1610612744,2019,1610612753,100.0,1
2019-12-01,21900291,Final,1610612761,1610612762,2019,1610612761,130.0,1
2019-12-01,21900292,Final,1610612746,1610612764,2019,1610612746,150.0,1
2019-11-30,21900280,Final,1610612758,1610612743,2019,1610612758,100.0,1
2019-11-30,21900281,Final,1610612755,1610612754,2019,1610612755,119.0,1
2019-11-30,21900282,Final,1610612745,1610612737,2019,1610612745,158.0,1
2019-11-30,21900283,Final,1610612749,1610612766,2019,1610612749,137.0,1
2019-11-29,21900267,Final,1610612751,1610612738,2019,1610612751,112.0,1
2019-11-29,21900268,Final,1610612765,1610612766,2019,1610612765,107.0,0
2019-11-29,21900269,Final,1610612753,1610612761,2019,1610612753,83.0,0
2019-11-29,21900270,Final,1610612739,1610612749,2019,1610612739,110.0,0
2019-11-29,21900271,Final,1610612752,1610612755,2019,1610612752,95.0,0
2019-11-29,21900272,Final,1610612754,1610612737,2019,1610612754,105.0,1
2019-11-29,21900273,Final,1610612748,1610612744,2019,1610612748,122.0,1
2019-11-29,21900274,Final,1610612763,1610612762,2019,1610612763,94.0,0
2019-11-29,21900275,Final,1610612760,1610612740,2019,1610612760,109.0,1
2019-11-29,21900276,Final,1610612759,1610612746,2019,1610612759,107.0,1
2019-11-29,21900277,Final,1610612756,1610612742,2019,1610612756,113.0,0
2019-11-29,21900278,Final,1610612757,1610612741,2019,1610612757,107.0,1
2019-11-29,21900279,Final,1610612747,1610612764,2019,1610612747,125.0,1
2019-11-27,21900253,Final,1610612738,1610612751,2019,1610612738,121.0,1
2019-11-27,21900254,Final,1610612766,1610612765,2019,1610612766,102.0,1
2019-11-27,21900255,Final,1610612739,1610612753,2019,1610612739,104.0,0
2019-11-27,21900256,Final,1610612754,1610612762,2019,1610612754,121.0,1
2019-11-27,21900257,Final,1610612755,1610612758,2019,1610612755,97.0,1
2019-11-27,21900258,Final,1610612761,1610612752,2019,1610612761,126.0,1
2019-11-27,21900259,Final,1610612745,1610612748,2019,1610612745,117.0,1
2019-11-27,21900260,Final,1610612763,1610612746,2019,1610612763,119.0,0
2019-11-27,21900261,Final,1610612749,1610612737,2019,1610612749,111.0,1
2019-11-27,21900262,Final,1610612759,1610612750,2019,1610612759,101.0,0
2019-11-27,21900263,Final,1610612756,1610612764,2019,1610612756,132.0,0
2019-11-27,21900264,Final,1610612740,1610612747,2019,1610612740,110.0,0
2019-11-27,21900265,Final,1610612757,1610612760,2019,1610612757,136.0,1
2019-11-27,21900266,Final,1610612744,1610612741,2019,1610612744,104.0,1
2019-11-26,21900251,Final,1610612742,1610612746,2019,1610612742,99.0,0
2019-11-26,21900252,Final,1610612743,1610612764,2019,1610612743,117.0,1
2019-11-25,21900240,Final,1610612739,1610612751,2019,1610612739,106.0,0
2019-11-25,21900241,Final,1610612765,1610612753,2019,1610612765,103.0,1
2019-11-25,21900242,Final,1610612754,1610612763,2019,1610612754,126.0,1
2019-11-25,21900243,Final,1610612737,1610612750,2019,1610612737,113.0,0
2019-11-25,21900244,Final,1610612738,1610612758,2019,1610612738,103.0,1
2019-11-25,21900245,Final,1610612748,1610612766,2019,1610612748,117.0,1
2019-11-25,21900246,Final,1610612761,1610612755,2019,1610612761,101.0,1
2019-11-25,21900247,Final,1610612741,1610612757,2019,1610612741,94.0,0
2019-11-25,21900248,Final,1610612749,1610612762,2019,1610612749,122.0,1
2019-11-25,21900249,Final,1610612759,1610612747,2019,1610612759,104.0,0
2019-11-25,21900250,Final,1610612744,1610612760,2019,1610612744,97.0,0
2019-11-24,21900235,Final,1610612745,1610612742,2019,1610612745,123.0,0
2019-11-24,21900236,Final,1610612752,1610612751,2019,1610612752,101.0,0
2019-11-24,21900237,Final,1610612764,1610612758,2019,1610612764,106.0,0
2019-11-24,21900238,Final,1610612743,1610612756,2019,1610612743,116.0,1
2019-11-24,21900239,Final,1610612746,1610612740,2019,1610612746,134.0,1
2019-11-23,21900225,Final,1610612750,1610612756,2019,1610612750,98.0,0
2019-11-23,21900226,Final,1610612766,1610612741,2019,1610612766,115.0,0
2019-11-23,21900227,Final,1610612754,1610612753,2019,1610612754,111.0,1
2019-11-23,21900228,Final,1610612737,1610612761,2019,1610612737,116.0,0
2019-11-23,21900229,Final,1610612752,1610612759,2019,1610612752,104.0,0
2019-11-23,21900230,Final,1610612755,1610612748,2019,1610612755,113.0,1
2019-11-23,21900231,Final,1610612739,1610612757,2019,1610612739,110.0,1
2019-11-23,21900232,Final,1610612763,1610612747,2019,1610612763,108.0,0
2019-11-23,21900233,Final,1610612749,1610612765,2019,1610612749,104.0,1
2019-11-23,21900234,Final,1610612762,1610612740,2019,1610612762,128.0,1
2019-11-22,21900215,Final,1610612765,1610612737,2019,1610612765,128.0,1
2019-11-22,21900216,Final,1610612764,1610612766,2019,1610612764,125.0,1
2019-11-22,21900217,Final,1610612751,1610612758,2019,1610612751,116.0,1
2019-11-22,21900218,Final,1610612755,1610612759,2019,1610612755,115.0,1
2019-11-22,21900219,Final,1610612741,1610612748,2019,1610612741,108.0,0
2019-11-22,21900220,Final,1610612760,1610612747,2019,1610612760,127.0,0
2019-11-22,21900221,Final,1610612742,1610612739,2019,1610612742,143.0,1
2019-11-22,21900222,Final,1610612743,1610612738,2019,1610612743,96.0,1
2019-11-22,21900223,Final,1610612762,1610612744,2019,1610612762,113.0,1
2019-11-22,21900224,Final,1610612746,1610612745,2019,1610612746,122.0,1
2019-11-21,21900213,Final,1610612749,1610612757,2019,1610612749,137.0,1
2019-11-21,21900214,Final,1610612756,1610612740,2019,1610612756,121.0,0
2019-11-20,21900202,Final,1610612755,1610612752,2019,1610612755,109.0,1
2019-11-20,21900203,Final,1610612764,1610612759,2019,1610612764,138.0,1
2019-11-20,21900204,Final,1610612737,1610612749,2019,1610612737,127.0,0
2019-11-20,21900205,Final,1610612751,1610612766,2019,1610612751,101.0,1
2019-11-20,21900206,Final,1610612748,1610612739,2019,1610612748,124.0,1
2019-11-20,21900207,Final,1610612761,1610612753,2019,1610612761,113.0,1
2019-11-20,21900208,Final,1610612742,1610612744,2019,1610612742,142.0,1
2019-11-20,21900209,Final,1610612741,1610612765,2019,1610612741,109.0,1
2019-11-20,21900210,Final,1610612750,1610612762,2019,1610612750,95.0,0
2019-11-20,21900211,Final,1610612743,1610612745,2019,1610612743,105.0,1
2019-11-20,21900212,Final,1610612746,1610612738,2019,1610612746,107.0,1
2019-11-19,21900198,Final,1610612763,1610612744,2019,1610612763,95.0,0
2019-11-19,21900199,Final,1610612740,1610612757,2019,1610612740,115.0,1
2019-11-19,21900200,Final,1610612758,1610612756,2019,1610612758,120.0,1
2019-11-19,21900201,Final,1610612747,1610612760,2019,1610612747,112.0,1
2019-11-18,21900189,Final,1610612752,1610612739,2019,1610612752,123.0,1
2019-11-18,21900190,Final,1610612751,1610612754,2019,1610612751,86.0,0
2019-11-18,21900191,Final,1610612761,1610612766,2019,1610612761,132.0,1
2019-11-18,21900192,Final,1610612741,1610612749,2019,1610612741,101.0,0
2019-11-18,21900193,Final,1610612745,1610612757,2019,1610612745,132.0,1
2019-11-18,21900194,Final,1610612742,1610612759,2019,1610612742,117.0,1
2019-11-18,21900195,Final,1610612756,1610612738,2019,1610612756,85.0,0
2019-11-18,21900196,Final,1610612762,1610612750,2019,1610612762,102.0,0
2019-11-18,21900197,Final,1610612746,1610612760,2019,1610612746,90.0,1
2019-11-17,21900183,Final,1610612739,1610612755,2019,1610612739,95.0,0
2019-11-17,21900184,Final,1610612758,1610612738,2019,1610612758,100.0,1
2019-11-17,21900185,Final,1610612753,1610612764,2019,1610612753,125.0,1
2019-11-17,21900186,Final,1610612763,1610612743,2019,1610612763,114.0,0
2019-11-17,21900187,Final,1610612740,1610612744,2019,1610612740,108.0,1
2019-11-17,21900188,Final,1610612747,1610612737,2019,1610612747,122.0,1
2019-11-16,21900175,Final,1610612741,1610612751,2019,1610612741,111.0,0
2019-11-16,21900176,Final,1610612754,1610612749,2019,1610612754,83.0,0
2019-11-16,21900177,Final,1610612752,1610612766,2019,1610612752,102.0,0
2019-11-16,21900178,Final,1610612748,1610612740,2019,1610612748,109.0,1
2019-11-16,21900179,Final,1610612750,1610612745,2019,1610612750,105.0,0
2019-11-16,21900180,Final,1610612742,1610612761,2019,1610612742,110.0,1
2019-11-16,21900181,Final,1610612759,1610612757,2019,1610612759,116.0,0
2019-11-16,21900182,Final,1610612746,1610612737,2019,1610612746,150.0,1
2019-11-15,21900167,Final,1610612766,1610612765,2019,1610612766,109.0,1
2019-11-15,21900168,Final,1610612753,1610612759,2019,1610612753,111.0,1
2019-11-15,21900169,Final,1610612745,1610612754,2019,1610612745,111.0,1
2019-11-15,21900170,Final,1610612763,1610612762,2019,1610612763,107.0,1
2019-11-15,21900171,Final,1610612750,1610612764,2019,1610612750,116.0,0
2019-11-15,21900172,Final,1610612760,1610612755,2019,1610612760,127.0,1
2019-11-15,21900173,Final,1610612744,1610612738,2019,1610612744,100.0,0
2019-11-15,21900174,Final,1610612747,1610612758,2019,1610612747,99.0,1
2019-11-14,21900161,Final,1610612739,1610612748,2019,1610612739,97.0,0
2019-11-14,21900162,Final,1610612752,1610612742,2019,1610612752,106.0,1
2019-11-14,21900163,Final,1610612749,1610612741,2019,1610612749,124.0,1
2019-11-14,21900164,Final,1610612740,1610612746,2019,1610612740,132.0,1
2019-11-14,21900165,Final,1610612756,1610612737,2019,1610612756,128.0,1
2019-11-14,21900166,Final,1610612743,1610612751,2019,1610612743,101.0,1
2019-11-13,21900154,Final,1610612766,1610612763,2019,1610612766,117.0,0
2019-11-13,21900155,Final,1610612753,1610612755,2019,1610612753,112.0,1
2019-11-13,21900156,Final,1610612738,1610612764,2019,1610612738,140.0,1
2019-11-13,21900157,Final,1610612745,1610612746,2019,1610612745,102.0,1
2019-11-13,21900158,Final,1610612750,1610612759,2019,1610612750,129.0,1
2019-11-13,21900159,Final,1610612747,1610612744,2019,1610612747,120.0,1
2019-11-13,21900160,Final,1610612757,1610612761,2019,1610612757,106.0,0
2019-11-12,21900146,Final,1610612754,1610612760,2019,1610612754,111.0,1
2019-11-12,21900147,Final,1610612755,1610612739,2019,1610612755,98.0,1
2019-11-12,21900148,Final,1610612748,1610612765,2019,1610612748,117.0,1
2019-11-12,21900149,Final,1610612741,1610612752,2019,1610612741,120.0,1
2019-11-12,21900150,Final,1610612743,1610612737,2019,1610612743,121.0,0
2019-11-12,21900151,Final,1610612756,1610612747,2019,1610612756,115.0,0
2019-11-12,21900152,Final,1610612762,1610612751,2019,1610612762,119.0,1
2019-11-12,21900153,Final,1610612758,1610612757,2019,1610612758,107.0,1
2019-11-11,21900140,Final,1610612765,1610612750,2019,1610612765,114.0,0
2019-11-11,21900141,Final,1610612738,1610612742,2019,1610612738,116.0,1
2019-11-11,21900143,Final,1610612759,1610612763,2019,1610612759,109.0,0
2019-11-11,21900142,Final,1610612740,1610612745,2019,1610612740,116.0,0
2019-11-11,21900144,Final,1610612744,1610612762,2019,1610612744,108.0,0
2019-11-11,21900145,Final,1610612746,1610612761,2019,1610612746,98.0,1
2019-11-10,21900132,Final,1610612750,1610612743,2019,1610612750,98.0,0
2019-11-10,21900133,Final,1610612753,1610612754,2019,1610612753,102.0,0
2019-11-10,21900134,Final,1610612755,1610612766,2019,1610612755,114.0,1
2019-11-10,21900135,Final,1610612760,1610612749,2019,1610612760,119.0,0
2019-11-10,21900136,Final,1610612752,1610612739,2019,1610612752,87.0,0
2019-11-10,21900137,Final,1610612756,1610612751,2019,1610612756,138.0,1
2019-11-10,21900138,Final,1610612757,1610612737,2019,1610612757,124.0,1
2019-11-10,21900139,Final,1610612747,1610612761,2019,1610612747,104.0,0
2019-11-09,21900127,Final,1610612759,1610612738,2019,1610612759,115.0,0
2019-11-09,21900128,Final,1610612766,1610612740,2019,1610612766,110.0,0
2019-11-09,21900129,Final,1610612741,1610612745,2019,1610612741,94.0,0
2019-11-09,21900130,Final,1610612763,1610612742,2019,1610612763,122.0,0
2019-11-09,21900131,Final,1610612760,1610612744,2019,1610612760,114.0,1
2019-11-08,21900116,Final,1610612754,1610612765,2019,1610612754,112.0,1
2019-11-08,21900117,Final,1610612753,1610612763,2019,1610612753,118.0,1
2019-11-08,21900118,Final,1610612764,1610612739,2019,1610612764,100.0,0
2019-11-08,21900119,Final,1610612737,1610612758,2019,1610612737,109.0,0
2019-11-08,21900120,Final,1610612750,1610612744,2019,1610612750,125.0,1
2019-11-08,21900121,Final,1610612740,1610612761,2019,1610612740,104.0,0
2019-11-08,21900122,Final,1610612742,1610612752,2019,1610612742,102.0,0
2019-11-08,21900123,Final,1610612743,1610612755,2019,1610612743,100.0,1
2019-11-08,21900124,Final,1610612762,1610612749,2019,1610612762,103.0,1
2019-11-08,21900125,Final,1610612757,1610612751,2019,1610612757,115.0,0
2019-11-08,21900126,Final,1610612747,1610612748,2019,1610612747,95.0,1
2019-11-07,21900112,Final,1610612766,1610612738,2019,1610612766,87.0,0
2019-11-07,21900113,Final,1610612759,1610612760,2019,1610612759,121.0,1
2019-11-07,21900114,Final,1610612756,1610612748,2019,1610612756,108.0,0
2019-11-07,21900115,Final,1610612746,1610612757,2019,1610612746,107.0,1
2019-11-06,21900103,Final,1610612765,1610612752,2019,1610612765,122.0,1
2019-11-06,21900104,Final,1610612754,1610612764,2019,1610612754,121.0,1
2019-11-06,21900105,Final,1610612737,1610612741,2019,1610612737,93.0,0
2019-11-06,21900106,Final,1610612761,1610612758,2019,1610612761,124.0,1
2019-11-06,21900107,Final,1610612745,1610612744,2019,1610612745,129.0,1
2019-11-06,21900108,Final,1610612763,1610612750,2019,1610612763,137.0,1
2019-11-06,21900109,Final,1610612742,1610612753,2019,1610612742,107.0,1
2019-11-06,21900110,Final,1610612762,1610612755,2019,1610612762,106.0,1
2019-11-06,21900111,Final,1610612746,1610612749,2019,1610612746,124.0,0
2019-11-05,21900097,Final,1610612766,1610612754,2019,1610612766,122.0,1
2019-11-05,21900098,Final,1610612739,1610612738,2019,1610612739,113.0,0
2019-11-05,21900099,Final,1610612737,1610612759,2019,1610612737,108.0,1
2019-11-05,21900100,Final,1610612741,1610612747,2019,1610612741,112.0,0
2019-11-05,21900101,Final,1610612760,1610612753,2019,1610612760,102.0,1
2019-11-05,21900102,Final,1610612743,1610612748,2019,1610612743,109.0,1
2019-11-04,21900091,Final,1610612764,1610612765,2019,1610612764,115.0,1
2019-11-04,21900092,Final,1610612751,1610612740,2019,1610612751,135.0,1
2019-11-04,21900093,Final,1610612763,1610612745,2019,1610612763,100.0,0
2019-11-04,21900094,Final,1610612750,1610612749,2019,1610612750,106.0,0
2019-11-04,21900095,Final,1610612756,1610612755,2019,1610612756,114.0,1
2019-11-04,21900096,Final,1610612744,1610612757,2019,1610612744,127.0,1
2019-11-03,21900085,Final,1610612754,1610612741,2019,1610612754,108.0,1
2019-11-03,21900086,Final,1610612748,1610612745,2019,1610612748,129.0,1
2019-11-03,21900087,Final,1610612752,1610612758,2019,1610612752,92.0,0
2019-11-03,21900088,Final,1610612759,1610612747,2019,1610612759,96.0,0
2019-11-03,21900089,Final,1610612739,1610612742,2019,1610612739,111.0,0
2019-11-03,21900090,Final,1610612746,1610612762,2019,1610612746,105.0,1
2019-11-02,21900077,Final,1610612760,1610612740,2019,1610612760,115.0,1
2019-11-02,21900078,Final,1610612765,1610612751,2019,1610612765,113.0,1
2019-11-02,21900079,Final,1610612753,1610612743,2019,1610612753,87.0,0
2019-11-02,21900080,Final,1610612764,1610612750,2019,1610612764,109.0,0
2019-11-02,21900081,Final,1610612763,1610612756,2019,1610612763,105.0,0
2019-11-02,21900082,Final,1610612749,1610612761,2019,1610612749,115.0,1
2019-11-02,21900083,Final,1610612744,1610612766,2019,1610612744,87.0,0
2019-11-02,21900084,Final,1610612757,1610612755,2019,1610612757,128.0,0
2019-11-01,21900069,Final,1610612751,1610612745,2019,1610612751,123.0,1
2019-11-01,21900070,Final,1610612754,1610612739,2019,1610612754,102.0,1
2019-11-01,21900071,Final,1610612753,1610612749,2019,1610612753,91.0,0
2019-11-01,21900072,Final,1610612738,1610612752,2019,1610612738,104.0,1
2019-11-01,21900073,Final,1610612741,1610612765,2019,1610612741,112.0,1
2019-11-01,21900074,Final,1610612742,1610612747,2019,1610612742,110.0,0
2019-11-01,21900075,Final,1610612758,1610612762,2019,1610612758,102.0,1
2019-11-01,21900076,Final,1610612744,1610612759,2019,1610612744,110.0,0
2019-10-31,21900066,Final,1610612737,1610612748,2019,1610612737,97.0,0
2019-10-31,21900067,Final,1610612740,1610612743,2019,1610612740,122.0,1
2019-10-31,21900068,Final,1610612746,1610612759,2019,1610612746,103.0,1
2019-10-30,21900055,Final,1610612739,1610612741,2019,1610612739,117.0,1
2019-10-30,21900056,Final,1610612753,1610612752,2019,1610612753,95.0,1
2019-10-30,21900057,Final,1610612755,1610612750,2019,1610612755,117.0,1
2019-10-30,21900058,Final,1610612738,1610612749,2019,1610612738,116.0,1
2019-10-30,21900059,Final,1610612751,1610612754,2019,1610612751,108.0,0
2019-10-30,21900060,Final,1610612761,1610612765,2019,1610612761,125.0,1
2019-10-30,21900061,Final,1610612764,1610612745,2019,1610612764,158.0,0
2019-10-30,21900062,Final,1610612760,1610612757,2019,1610612760,99.0,0
2019-10-30,21900063,Final,1610612762,1610612746,2019,1610612762,110.0,1
2019-10-30,21900064,Final,1610612758,1610612766,2019,1610612758,111.0,0
2019-10-30,21900065,Final,1610612744,1610612756,2019,1610612744,110.0,0
2019-10-29,21900052,Final,1610612748,1610612737,2019,1610612748,112.0,1
2019-10-29,21900053,Final,1610612743,1610612742,2019,1610612743,106.0,0
2019-10-29,21900054,Final,1610612747,1610612763,2019,1610612747,120.0,1
2019-10-28,21900041,Final,1610612765,1610612754,2019,1610612765,96.0,1
2019-10-28,21900042,Final,1610612752,1610612741,2019,1610612752,105.0,1
2019-10-28,21900043,Final,1610612737,1610612755,2019,1610612737,103.0,0
2019-10-28,21900044,Final,1610612761,1610612753,2019,1610612761,104.0,1
2019-10-28,21900045,Final,1610612745,1610612760,2019,1610612745,116.0,1
2019-10-28,21900046,Final,1610612749,1610612739,2019,1610612749,129.0,1
2019-10-28,21900047,Final,1610612740,1610612744,2019,1610612740,123.0,0
2019-10-28,21900048,Final,1610612759,1610612757,2019,1610612759,113.0,1
2019-10-28,21900049,Final,1610612756,1610612762,2019,1610612756,95.0,0
2019-10-28,21900050,Final,1610612758,1610612743,2019,1610612758,94.0,0
2019-10-28,21900051,Final,1610612746,1610612766,2019,1610612746,111.0,1
2019-10-27,21900036,Final,1610612760,1610612744,2019,1610612760,120.0,1
2019-10-27,21900037,Final,1610612763,1610612751,2019,1610612763,134.0,1
2019-10-27,21900038,Final,1610612742,1610612757,2019,1610612742,119.0,0
2019-10-27,21900039,Final,1610612750,1610612748,2019,1610612750,116.0,1
2019-10-27,21900040,Final,1610612747,1610612766,2019,1610612747,120.0,1
2019-10-26,21900026,Final,1610612749,1610612748,2019,1610612749,126.0,0
2019-10-26,21900027,Final,1610612765,1610612755,2019,1610612765,111.0,0
2019-10-26,21900028,Final,1610612737,1610612753,2019,1610612737,103.0,1
2019-10-26,21900029,Final,1610612752,1610612738,2019,1610612752,95.0,0
2019-10-26,21900030,Final,1610612739,1610612754,2019,1610612739,110.0,1
2019-10-26,21900031,Final,1610612741,1610612761,2019,1610612741,84.0,0
2019-10-26,21900032,Final,1610612745,1610612740,2019,1610612745,126.0,1
2019-10-26,21900033,Final,1610612759,1610612764,2019,1610612759,124.0,1
2019-10-26,21900034,Final,1610612762,1610612758,2019,1610612762,113.0,1
2019-10-26,21900035,Final,1610612756,1610612746,2019,1610612756,130.0,1
2019-10-25,21900017,Final,1610612738,1610612761,2019,1610612738,112.0,1
2019-10-25,21900018,Final,1610612766,1610612750,2019,1610612766,99.0,0
2019-10-25,21900019,Final,1610612751,1610612752,2019,1610612751,113.0,1
2019-10-25,21900020,Final,1610612763,1610612741,2019,1610612763,102.0,0
2019-10-25,21900021,Final,1610612740,1610612742,2019,1610612740,116.0,0
2019-10-25,21900022,Final,1610612760,1610612764,2019,1610612760,85.0,0
2019-10-25,21900023,Final,1610612743,1610612756,2019,1610612743,108.0,1
2019-10-25,21900024,Final,1610612758,1610612757,2019,1610612758,112.0,0
2019-10-25,21900025,Final,1610612747,1610612762,2019,1610612747,95.0,1
2019-10-24,21900014,Final,1610612765,1610612737,2019,1610612765,100.0,0
2019-10-24,21900015,Final,1610612745,1610612749,2019,1610612745,111.0,0
2019-10-24,21900016,Final,1610612744,1610612746,2019,1610612744,122.0,0
2019-10-23,21900003,Final,1610612766,1610612741,2019,1610612766,126.0,1
2019-10-23,21900004,Final,1610612754,1610612765,2019,1610612754,110.0,0
2019-10-23,21900005,Final,1610612753,1610612739,2019,1610612753,94.0,1
2019-10-23,21900006,Final,1610612751,1610612750,2019,1610612751,126.0,0
2019-10-23,21900007,Final,1610612748,1610612763,2019,1610612748,120.0,1
2019-10-23,21900008,Final,1610612755,1610612738,2019,1610612755,107.0,1
2019-10-23,21900009,Final,1610612742,1610612764,2019,1610612742,108.0,1
2019-10-23,21900010,Final,1610612759,1610612752,2019,1610612759,120.0,1
2019-10-23,21900011,Final,1610612762,1610612760,2019,1610612762,100.0,1
2019-10-23,21900012,Final,1610612756,1610612758,2019,1610612756,124.0,1
2019-10-23,21900013,Final,1610612757,1610612743,2019,1610612757,100.0,0
2019-10-22,21900001,Final,1610612761,1610612740,2019,1610612761,130.0,1
2019-10-22,21900002,Final,1610612746,1610612747,2019,1610612746,112.0,1